{"cameraMode":{"drawMode":0,"name":"Shaded","section":"Shading Mode"},"sceneLighting":true,"audioPlay":false,"sceneViewState":{"m_AlwaysRefresh":false,"showFog":true,"showSkybox":true,"showFlares":true,"showImageEffects":true,"showParticleSystems":true,"showVisualEffectGraphs":true,"m_FxEnabled":true},"in2DMode":false,"pivot":{"x":-6.0636115074157719,"y":-11.801424980163575,"z":30.41398811340332},"rotation":{"x":0.21887531876564027,"y":-0.10690946877002716,"z":0.024248605594038965,"w":0.969729483127594},"size":18.79704475402832,"orthographic":false}