{"cameraMode":{"drawMode":0,"name":"Shaded","section":"Shading Mode"},"sceneLighting":true,"audioPlay":false,"sceneViewState":{"m_AlwaysRefresh":false,"showFog":true,"showSkybox":true,"showFlares":true,"showImageEffects":true,"showParticleSystems":true,"showVisualEffectGraphs":true,"m_FxEnabled":true},"in2DMode":false,"pivot":{"x":48.538246154785159,"y":-122.59407043457031,"z":213.34481811523438},"rotation":{"x":0.2563217580318451,"y":0.11243444681167603,"z":-0.03026764467358589,"w":0.9597784876823425},"size":133.01023864746095,"orthographic":false}